{
  "Character": {
    "ID": "AthenaCharacter:CID_A_131_Athena_Commando_F_JurassicArchaeologySummer",
    "Variants": [
      [
        {
          "variants": [
            {
              "channel": "Material",
              "active": "Mat1",
              "owned": []
            }
          ]
        }
      ]
    ]
  },
  "Backpack": {
    "ID": "BID_004_BlackKnight",
    "Variants": [
      {
        "variants": []
      }
    ]
  },
  "Glider": {
    "ID": "Glider_Warthog",
    "Variants": [
      {
        "variants": []
      }
    ]
  },
  "Pickaxe": {
    "ID": "Pickaxe_Lockjaw",
    "Variants": [
      {
        "variants": []
      }
    ]
  },
  "SkyDiveContrail": {
    "ID": null,
    "Variants": [
      {
        "variants": []
      }
    ]
  },
  "Dance": {
    "ID": [
      "AthenaDance:EID_Davinci",
      "AthenaDance:EID_Noodles_X6R9E",
      "AthenaDance:EID_HightowerWasabi",
      "AthenaDance:EID_DarkFireLegends",
      null
    ],
    "Variants": [
      [
        {
          "variants": []
        }
      ],
      [
        {
          "variants": []
        }
      ],
      [
        {
          "variants": []
        }
      ],
      [
        {
          "variants": []
        }
      ],
      {
        "variants": []
      }
    ]
  },
  "ItemWrap": {
    "ID": [
      null,
      null,
      null,
      null,
      null
    ],
    "Variants": [
      {
        "variants": []
      },
      {
        "variants": []
      },
      {
        "variants": []
      },
      {
        "variants": []
      },
      {
        "variants": []
      }
    ]
  },
  "MusicPack": {
    "ID": null,
    "Variants": [
      {
        "variants": []
      }
    ]
  },
  "LoadingScreen": {
    "ID": null,
    "Variants": [
      {
        "variants": []
      }
    ]
  },
  "BannerIconTemplate": null,
  "BannerColorTemplate": null,
  "vbucks": 100000000,
  "level": 0,
  "battlestars": 9999999,
  "alien_style_points": 696969,
  "favorites": {}
}